"","Recording"
"1","Recording9"
"2","Recording10"
"3","Recording11"
"4","Recording12"
"5","Recording13"
"6","Recording14"
"7","Recording15"
"8","Recording16"
"9","Recording17"
"10","Recording18"
"11","Recording19"
"12","Recording20"
"13","Recording21"
"14","Recording23"
"15","Recording24"
"16","Recording25"
"17","Recording26"
"18","Recording27"
"19","Recording28"
"20","Recording29"
"21","Recording30"
"22","Recording31"
"23","Recording33"
"24","Recording35"
"25","Recording36"
"26","Recording37"
"27","Recording38"
"28","Recording39"
"29","Recording40"
"30","Recording41"
"31","Recording42"
"32","Recording43"
"33","Recording44"
"34","Recording45"
"35","Recording46"
"36","Recording47"
"37","Recording48"
"38","Recording49"
"39","Recording50"
"40","Recording51"
"41","Recording52"
"42","Recording54"
"43","Recording55"
"44","Recording56"
"45","Recording57"
"46","Recording58"
"47","Recording59"
"48","Recording60"
"49","Recording61"
"50","Recording62"
"51","Recording63"
"52","Recording64"
"53","Recording65"
"54","Recording66"
"55","Recording67"
"56","Recording68"
"57","Recording69"
"58","Recording70"
"59","Recording71"
"60","Recording72"
"61","Recording73"
"62","Recording74"
"63","Recording75"
"64","Recording76"
"65","Recording77"
"66","Recording78"
"67","Recording79"
"68","Recording80"
"69","Recording81"
"70","Recording82"
"71","Recording83"
"72","Recording84"
"73","Recording85"
"74","Recording86"
"75","Recording87"
"76","Recording88"
"77","Recording89"
